page_name,page_id,vertical,location
Quill & Arrow - Personal Injury & Lemon Law Lawyers,238107887068721,Car Dealerships,"Los Angeles, CA"
Toyota of Downtown L.A.,163712047097,Car Dealerships,"Los Angeles, CA"
Devcarry,105635019284256,Car Dealerships,"Los Angeles, CA"
CardinaleWay Hyundai of Glendora,113174153791538,Car Dealerships,"Los Angeles, CA"
Modesti's Car Care Center,139756566048564,Car Dealerships,"Los Angeles, CA"
CardinaleWay Hyundai of El Monte,106585634645728,Car Dealerships,"Los Angeles, CA"
Nissan of Mission Hills,997691626910590,Car Dealerships,"Los Angeles, CA"
Lemonade Lawyers,106464804679815,Car Dealerships,"Los Angeles, CA"
CarPair,193106243866573,Car Dealerships,"Los Angeles, CA"
Spada Spada,226475720545544,Car Dealerships,"Los Angeles, CA"
"The Borges Real Estate Team, Keller Williams",283985982284498,Real Estate,"Los Angeles, CA"
5x agent to agent referrals ,491950457338497,Real Estate,"Los Angeles, CA"
Kevin DaSilva Group,227506850793880,Real Estate,"Los Angeles, CA"
Blayne Pacelli Realtor,338096855169,Real Estate,"Los Angeles, CA"
Dot.cards,1326460130835264,Real Estate,"Los Angeles, CA"
Elite Furniture Moving,101440548457761,Real Estate,"Los Angeles, CA"
Ken Sisson - Coldwell Banker Realty,1997518790509485,Real Estate,"Los Angeles, CA"
MIL-Estate Network,104756042716212,Real Estate,"Los Angeles, CA"
Keri White Real Estate at Human Element Los Angeles,707534125964142,Real Estate,"Los Angeles, CA"
Yelp Advertising - Los Angeles,751330041402390,Real Estate,"Los Angeles, CA"
Brian Newman,111804278368043,Mortgage/Lending,"Los Angeles, CA"
The Class Action News,648909865219328,Mortgage/Lending,"Los Angeles, CA"
Homesbyart,665647683297527,Mortgage/Lending,"Los Angeles, CA"
Anywhere Entrepreneur,266117461901113,Mortgage/Lending,"Los Angeles, CA"
estimatedcashtoclose,699434203262648,Mortgage/Lending,"Los Angeles, CA"
Erik Avila,450888218105826,Mortgage/Lending,"Los Angeles, CA"
EM Mortgage Note Fund,598055983401502,Mortgage/Lending,"Los Angeles, CA"
Prime Corporate Services,214820199415832,Mortgage/Lending,"Los Angeles, CA"
Cohen Financial Group Los Angeles,103316885479817,Mortgage/Lending,"Los Angeles, CA"
Michael Sartain,114182091672183,Mortgage/Lending,"Los Angeles, CA"
Running Plumbing,582686764934205,Home Services,"Los Angeles, CA"
Tub N' Crete Coatings,542004372338716,Home Services,"Los Angeles, CA"
Most Valuable Plumber - Plumbing HVAC Electrical ,844243932108595,Home Services,"Los Angeles, CA"
SODA TV88,707570742437906,Home Services,"Los Angeles, CA"
Growth Cleaning,652502407950616,Home Services,"Los Angeles, CA"
jplumbing947,102252226123713,Home Services,"Los Angeles, CA"
Jordan Le,469843289555399,Home Services,"Los Angeles, CA"
SoDa TV - Short Drama,812490458616674,Home Services,"Los Angeles, CA"
"The Brothers that just do Gutters - Los Angeles, CA",690906097441965,Home Services,"Los Angeles, CA"
Alfonso Lopez,599695719893231,Home Services,"Los Angeles, CA"
Torrance Bariatric Institute,383635045066356,Insurance,"Los Angeles, CA"
CalNeuro Research,832470769955719,Insurance,"Los Angeles, CA"
duniolusegun,492180763974508,Insurance,"Los Angeles, CA"
Service Pros,112483968558415,Insurance,"Los Angeles, CA"
Modesti's Car Care Center,139756566048564,Insurance,"Los Angeles, CA"
Purposeful Strategic Partners,1023280537746263,Insurance,"Los Angeles, CA"
Los Angeles Regional Food Bank,109679290004,Insurance,"Los Angeles, CA"
California Accident Help,869791519547257,Insurance,"Los Angeles, CA"
Globe Life American Income Division Olusegun Organization,110696035076010,Insurance,"Los Angeles, CA"
Invisalign,12349989021,Insurance,"Los Angeles, CA"
Edelson P.C.,125907387426944,Legal Services,"Los Angeles, CA"
United Claims Bureau,108536268305660,Legal Services,"Los Angeles, CA"
Lynch Carpenter LLP,1568395179936536,Legal Services,"Los Angeles, CA"
Quill & Arrow - Personal Injury & Lemon Law Lawyers,238107887068721,Legal Services,"Los Angeles, CA"
Columbia West College,148468538533558,Legal Services,"Los Angeles, CA"
"Seven Law Group, APC - Lemon Law Lawyers",101472166171610,Legal Services,"Los Angeles, CA"
Justice & CompensatiÎ¿n,2011962385748625,Legal Services,"Los Angeles, CA"
Injury Advocate Group,103971532437013,Legal Services,"Los Angeles, CA"
Jake Needham Novels,301948476492115,Legal Services,"Los Angeles, CA"
Shine On Community,914497138408598,Legal Services,"Los Angeles, CA"
Jack N' Jill Kids Natural Care,127821130594863,Healthcare/Dental,"Los Angeles, CA"
Dream Team Dental - Eagle Rock,105540159005308,Healthcare/Dental,"Los Angeles, CA"
5D Smiles Dental Implant Center,100526156223036,Healthcare/Dental,"Los Angeles, CA"
"Jon Marashi, DDS",132591886766235,Healthcare/Dental,"Los Angeles, CA"
123 Kids Dentistry,298248346714972,Healthcare/Dental,"Los Angeles, CA"
Kingswell Dentist,1946688285574789,Healthcare/Dental,"Los Angeles, CA"
Selfie smiles Dental,716971091809252,Healthcare/Dental,"Los Angeles, CA"
drkristikim,110319381103636,Healthcare/Dental,"Los Angeles, CA"
jplumbing947,102252226123713,Healthcare/Dental,"Los Angeles, CA"
Socal Dental Academy,755481824322498,Healthcare/Dental,"Los Angeles, CA"
Transcendental Meditation,419360620044,Education,"Los Angeles, CA"
Budapest Film Academy,128016137255364,Education,"Los Angeles, CA"
Purposeful Strategic Partners,1023280537746263,Education,"Los Angeles, CA"
Mindvalley,719853864726295,Education,"Los Angeles, CA"
Activator Methods International,146737737442,Education,"Los Angeles, CA"
International College of Beauty Arts and Sciences,1074166422647897,Education,"Los Angeles, CA"
King Kong Co.,562378543780840,Education,"Los Angeles, CA"
The Stretch Therapist,282330265131026,Education,"Los Angeles, CA"
Motion Science,1157554294278118,Education,"Los Angeles, CA"
Jerusalem Seminary,104404257818040,Education,"Los Angeles, CA"
