page_name,contact_name,primary_email,hook,hook_source,website
Red Door Realty & Associates,Luiz Pizzamiglio,info@reddoorrealtyandassociates.com,The Houston Chronicle has recognized Red Door as a Top Workplace by Engage and Workplace Dynamics for the past 10 years.,website,https://reddoorrealtyandassociates.com/meet-our-agents/
John Wyche,John Wyche,support@smbfunds.net,The initiative includes 132 rooms and space to accommodate wraparound services for those who are without shelter.,website,https://popculture.com/celebrity-couples/news/mc-lytes-marriage-divorce-john-wyche/
Sound Performance / The Tint Guys,,sales@soundperformance.us,"The Tint Guys a division of Sound Performance Inc have continued to ensure our staff is knowledgeable, professional and helpful for the past 18 years.",website,https://www.soundperformance.us/
Houses Near You,,info@idealista.com,"Connect with a real estate expert in Logan, North Logan, North Ogden, Providence, Tremonton, or nearby and find your next home!",ad,https://www.idealista.com/en/venta-viviendas/cordoba-cordoba/
NoteSchool,Suzanne Parker,info@noteschool.com,Eddie Speed's creative real estate strategies stand the test of time.,website,https://noteschool.com/
Key Realty School,Mike Federwitz,info@keyrealtyschool.com,Key Realty School offers a Career Expo once a quarter at their campus for students.,website,https://keyrealtyschool.com/
East Alabama Homes for Sale,,info@realtysouth.com,We get 250% more website traffic than our closest competitor,website,https://www.realtysouth.com/east-alabama-homes-for-sale
Akers Ellis Real Estate & Rentals,Lindsey Butler,info@akersellis.com,"Browse our wide selection of Kiawah Island vacation rentals including oceanfront views, homes with private pools, pet-friendly options, rentals on the beach and much more!",ad,https://www.akersellis.com/
Angela Thompson Realtor,Angela Thompson,info@angelathompsongroup.com,From First Meeting to Closing Day - I'm Here Every Step of the Way!,ad,https://www.angelathompsongroup.com/
California Real Estate Service,None None,admin@ca.gov,Headline: The Surprising Truth: NaN in JavaScript is Not Equal to Itself!,linkedin,https://www.ca.gov/departments/40/
Staub Real Estate- Silvercreek Realty Group,Mary O'Neill,info@silvercreekrealty.com,"Your First Steps Deserve the Right Foundation. Whether youâ€™re buying your very first home or starting fresh in a new one, the journey starts with smart guidance and a solid plan.",ad,https://www.silvercreekrealty.com/
Base Camp Country Real Estate,Curt Myers,info@basecampcountry.com,Now Hiring in Iowa,ad,https://www.basecampcountry.com/
"Signarama Lansing East, Michigan",None None,support@signarama.com,Custom Signs That Get You Noticed - Stand out from the crowd with signage designed to perform.,ad,https://signarama.com/locations/mi-lansing-east/
Del Rio Title Company,None None,team@delriotitle.com,"We offer customers complete real estate services such as: Title Insurance, Closing Services, Abstractors Reports, Insured Closing Letters, Real Estate Reports",ad,https://www.delriotitle.com/
Coldwell Banker Home Town Realty,Matthew Parrott,admin@coldwellbanker.com,Coldwell Banker Agents and Teams Honored in 2025 RealTrends Verified Ranking,website,https://www.coldwellbanker.com/company/coldwell-banker-home-town-realty/cid-P00500000FDdqWVbjUMyGxCbXxpN4CczqOjea7RW
Florida Connexion Realty,Rosana Almeida,info@floridaconnexion.com,Florida Connexion Group is actively hiring as indicated by their website.,website,https://floridaconnexion.com/
Growthland,Richard Zollinger,info@growthland.com,Landbase Emerges from Stealth with $12.5M Seed Round to Intelligently Automate Your Go-to-Market,website,https://www.growthland.com/
Kier Property Management & Real Estate LLC,Bonnie Kier,info@kiermanagement.com,Affordable Subsidized 55+ Housing in South Salt Lake! Are you a low-income senior looking for an affordable place to call home? Our subsidized 55+ community offers the perfect blend of affordability and amenities.,ad,https://www.kiermanagement.com/
Percent One Real Estate,None None,info@percentone.com,"Percent Closes Oversubscribed, Nearly $30M Series B Funding to Meet Industry Demand",website,https://www.percentone.com/about
Rise Residential,None None,info@rise-residential.com,"The St. James Condominiums is a premier investment opportunity in the heart of Fort Worth, TX",ad,https://www.rise-residential.com/
Spokane Real Estate Listings,Edward Chovgan,edward@spokanerealtors.com,Denise Ware presented 'Intro to MLS/Paragon' at Spokane Association of Realtors,website,https://www.spokanerealtors.com/
The Right Move Real Estate Inc.,Kim Lawrence,kimlawrence@therightmoverealty.com,If You Are Tired of Your Commissions Being Chiseled Away - Check Out What We Offer!,website,http://therightmoverealty.com/
Del Rio Title Company,Aracely Martinez,aracely@delriotitle.net,2026-01-13,address_not_found,
david@homesusa.com,Bill G,be@breakthroughenergy.org,hard_bounce,batch_3,2026-01-13
Key Realty School,Mike Federwitz,contact@keyrealtyschool.com,Career Expo once a quarter at our campus to give our students a forum,website,
,Mattias Scott,mscott@rise-residential.com,,,https://rise-residential.com
,,info@keyrealtyschool.com,,,https://keyrealtyschool.com
Houses Near You,,contact@idealista.com,A guide to luxury real estate agencies in Spain,website,
Red Door Realty & Associates,Luiz Pizzamiglio,contact@reddoorrealtyandassociates.com,Red Door Realty & Associates recognized as a Top Workplace by the Houston Chronicle for 10 years,website,
David Lecko,Lewis Denton-Burke,lewis.denton-burke@disruptorscyber.com,John Gluch with the Gluch Group Shares How His Team Sold 255 Units Last Year for over $76MM in Sales Volume,website,
,Shayla Price,shayla@spokanerealtors.com,,,https://spokanerealtors.com
,,sales@noteschool.com,,,https://noteschool.com
,Craig Zwiers,craig.zwiers@basecampcountry.com,,,https://basecampcountry.com
,Bonnie Kier,bonnie@kiermanagement.com,,,https://kiermanagement.com
Nelson Real Estate,Tony Nelson,info@unitedrealestate.com,Highly tillable farm tracts are hard to come by these days! This 99-acre m/l farm is 90% tillable and offers strong dirt!,ad,
"HomesUSA.com, Inc.",Stuart Ritz,stuart@homesusa.com,SpecDeck platform helping 70+ Texas homebuilders reduce Days on Market by 14-40 days,website,
,,info@reddoorrealtyandassociates.com,,,https://reddoorrealtyandassociates.com
,None None,domains@ca.gov,,,https://ca.gov
,,admin@growthland.com,,,https://growthland.com
,,info@idealista.com,,,https://idealista.com
,,hello@realtysouth.com,,,https://realtysouth.com
,Paul Bortz,paul.bortz@coldwellbanker.com,,,https://coldwellbanker.com
,,contact@floridaconnexion.com,,,https://floridaconnexion.com
Angela Thompson Realtor,Angela Thompson,contact@angelathompsongroup.com,hiring: we are hiring,linkedin,
,None None,agent@percentone.com,,,https://percentone.com
